{"cameraMode":{"drawMode":0,"name":"Shaded","section":"Shading Mode"},"sceneLighting":true,"audioPlay":false,"sceneViewState":{"showFog":true,"showMaterialUpdate":false,"showSkybox":true,"showFlares":true,"showImageEffects":true,"showParticleSystems":true},"in2DMode":false,"pivot":{"x":5.842301368713379,"y":11.990921974182129,"z":12.846084594726563},"rotation":{"x":-0.07384645938873291,"y":-0.9261162281036377,"z":0.2572217583656311,"w":-0.2658804953098297},"size":2.8578836917877199,"orthographic":false}