{"cameraMode":{"drawMode":0,"name":"Shaded","section":"Shading Mode"},"sceneLighting":true,"audioPlay":false,"sceneViewState":{"showFog":true,"showMaterialUpdate":false,"showSkybox":true,"showFlares":true,"showImageEffects":true,"showParticleSystems":true},"in2DMode":false,"pivot":{"x":13.072674751281739,"y":-29.28873634338379,"z":36.55537414550781},"rotation":{"x":0.2562209665775299,"y":0.17173059284687043,"z":-0.04631078243255615,"w":0.95011305809021},"size":93.26935577392578,"orthographic":false}